,dhs_id,site_id,site_name,latitude,longitude,rural_urban,country,country_id,continent_id,month_start,year_start,month_end,year_end,lower_age,upper_age,examined,positive,pr,species,method,rdt_type,pcr_type,malaria_metrics_available,location_available,permissions_info,citation1,citation2,citation3
28915,,84475,Siamuleya,-16.9727,27.3348,UNKNOWN,Zambia,ZMB,Africa,4,2015,5,2015,0.3,5,32,6,0.1875,P. falciparum,RDT,SD BIOLINE Malaria Ag P.f. (HRP2/pLDH) - 05FK90,,true,true,,"Eisele, T.P, -. (2017) personal communication.",,
28916,,84476,Siansowa,-17.479,27.3684,UNKNOWN,Zambia,ZMB,Africa,4,2015,5,2015,0.3,5,42,6,0.1429,P. falciparum,RDT,SD BIOLINE Malaria Ag P.f. (HRP2/pLDH) - 05FK90,,true,true,,"Eisele, T.P, -. (2017) personal communication.",,
28955,,84477,Sianyoolo,-16.3921,28.3002,UNKNOWN,Zambia,ZMB,Africa,4,2015,5,2015,0.3,5,29,0,0,P. falciparum,RDT,SD BIOLINE Malaria Ag P.f. (HRP2/pLDH) - 05FK90,,true,true,,"Eisele, T.P, -. (2017) personal communication.",,
28972,,84478,Siatwinda,-17.4616,27.2753,UNKNOWN,Zambia,ZMB,Africa,4,2015,5,2015,0.3,5,21,5,0.2381,P. falciparum,RDT,SD BIOLINE Malaria Ag P.f. (HRP2/pLDH) - 05FK90,,true,true,,"Eisele, T.P, -. (2017) personal communication.",,
28989,,84479,Siavonga Hospital,-16.504,28.7472,UNKNOWN,Zambia,ZMB,Africa,4,2015,5,2015,0.3,5,25,0,0,P. falciparum,RDT,SD BIOLINE Malaria Ag P.f. (HRP2/pLDH) - 05FK90,,true,true,,"Eisele, T.P, -. (2017) personal communication.",,
29006,,84480,Sikalongo,-16.9338,27.2398,UNKNOWN,Zambia,ZMB,Africa,4,2015,5,2015,0.3,5,35,3,0.0857,P. falciparum,RDT,SD BIOLINE Malaria Ag P.f. (HRP2/pLDH) - 05FK90,,true,true,,"Eisele, T.P, -. (2017) personal communication.",,
29023,,84481,Sikaneka,-17.3507,27.3486,UNKNOWN,Zambia,ZMB,Africa,4,2015,5,2015,0.3,5,27,4,0.1481,P. falciparum,RDT,SD BIOLINE Malaria Ag P.f. (HRP2/pLDH) - 05FK90,,true,true,,"Eisele, T.P, -. (2017) personal communication.",,
29107,,84482,Simakutu,-17.0764,27.0404,UNKNOWN,Zambia,ZMB,Africa,4,2015,5,2015,0.3,5,33,0,0,P. falciparum,RDT,SD BIOLINE Malaria Ag P.f. (HRP2/pLDH) - 05FK90,,true,true,,"Eisele, T.P, -. (2017) personal communication.",,
29124,,84483,Simukanka,-16.9772,26.9083,UNKNOWN,Zambia,ZMB,Africa,4,2015,5,2015,0.3,5,42,0,0,P. falciparum,RDT,SD BIOLINE Malaria Ag P.f. (HRP2/pLDH) - 05FK90,,true,true,,"Eisele, T.P, -. (2017) personal communication.",,
29176,,84451,Luumbo,-16.6083,28.116,UNKNOWN,Zambia,ZMB,Africa,4,2015,5,2015,0.3,5,43,10,0.2326,P. falciparum,RDT,SD BIOLINE Malaria Ag P.f. (HRP2/pLDH) - 05FK90,,true,true,,"Eisele, T.P, -. (2017) personal communication.",,
29202,,84452,Luyaba,-17.3987,26.6205,UNKNOWN,Zambia,ZMB,Africa,4,2015,5,2015,0.3,5,43,2,0.0465,P. falciparum,RDT,SD BIOLINE Malaria Ag P.f. (HRP2/pLDH) - 05FK90,,true,true,,"Eisele, T.P, -. (2017) personal communication.",,
29215,,84453,Maamba Hospital,-17.3594,27.221,UNKNOWN,Zambia,ZMB,Africa,4,2015,5,2015,0.3,5,30,0,0,P. falciparum,RDT,SD BIOLINE Malaria Ag P.f. (HRP2/pLDH) - 05FK90,,true,true,,"Eisele, T.P, -. (2017) personal communication.",,
29228,,84454,Manchanvwa,-16.4838,28.3939,UNKNOWN,Zambia,ZMB,Africa,4,2015,5,2015,0.3,5,23,7,0.3043,P. falciparum,RDT,SD BIOLINE Malaria Ag P.f. (HRP2/pLDH) - 05FK90,,true,true,,"Eisele, T.P, -. (2017) personal communication.",,
29241,,84455,Mapatizya,-17.7217,26.7929,UNKNOWN,Zambia,ZMB,Africa,4,2015,5,2015,0.3,5,54,0,0,P. falciparum,RDT,SD BIOLINE Malaria Ag P.f. (HRP2/pLDH) - 05FK90,,true,true,,"Eisele, T.P, -. (2017) personal communication.",,
29254,,84456,Masempela,-17.3214,26.9143,UNKNOWN,Zambia,ZMB,Africa,4,2015,5,2015,0.3,5,33,3,0.0909,P. falciparum,RDT,SD BIOLINE Malaria Ag P.f. (HRP2/pLDH) - 05FK90,,true,true,,"Eisele, T.P, -. (2017) personal communication.",,
29267,,84457,Masuku,-17.1596,27.096,UNKNOWN,Zambia,ZMB,Africa,4,2015,5,2015,0.3,5,30,0,0,P. falciparum,RDT,SD BIOLINE Malaria Ag P.f. (HRP2/pLDH) - 05FK90,,true,true,,"Eisele, T.P, -. (2017) personal communication.",,
29280,,84458,Masuku Mines,-17.278,27.0874,UNKNOWN,Zambia,ZMB,Africa,4,2015,5,2015,0.3,5,33,0,0,P. falciparum,RDT,SD BIOLINE Malaria Ag P.f. (HRP2/pLDH) - 05FK90,,true,true,,"Eisele, T.P, -. (2017) personal communication.",,
29368,,84459,Matua,-16.3916,28.728,UNKNOWN,Zambia,ZMB,Africa,4,2015,5,2015,0.3,5,40,0,0,P. falciparum,RDT,SD BIOLINE Malaria Ag P.f. (HRP2/pLDH) - 05FK90,,true,true,,"Eisele, T.P, -. (2017) personal communication.",,
29383,,84460,Mochipapa,-16.8739,27.0861,UNKNOWN,Zambia,ZMB,Africa,4,2015,5,2015,0.3,5,40,2,0.05,P. falciparum,RDT,SD BIOLINE Malaria Ag P.f. (HRP2/pLDH) - 05FK90,,true,true,,"Eisele, T.P, -. (2017) personal communication.",,
29399,,84461,Moobe,-15.9533,28.3936,UNKNOWN,Zambia,ZMB,Africa,4,2015,5,2015,0.3,5,31,0,0,P. falciparum,RDT,SD BIOLINE Malaria Ag P.f. (HRP2/pLDH) - 05FK90,,true,true,,"Eisele, T.P, -. (2017) personal communication.",,
29415,,84462,Moomba,-16.3976,27.8436,UNKNOWN,Zambia,ZMB,Africa,4,2015,5,2015,0.3,5,42,0,0,P. falciparum,RDT,SD BIOLINE Malaria Ag P.f. (HRP2/pLDH) - 05FK90,,true,true,,"Eisele, T.P, -. (2017) personal communication.",,
29445,,84463,Moyo,-16.8164,27.426,UNKNOWN,Zambia,ZMB,Africa,4,2015,5,2015,0.3,5,60,13,0.2167,P. falciparum,RDT,SD BIOLINE Malaria Ag P.f. (HRP2/pLDH) - 05FK90,,true,true,,"Eisele, T.P, -. (2017) personal communication.",,
29459,,84464,Mtendere Mission Hospital,-16.0262,28.766,UNKNOWN,Zambia,ZMB,Africa,4,2015,5,2015,0.3,5,29,1,0.0345,P. falciparum,RDT,SD BIOLINE Malaria Ag P.f. (HRP2/pLDH) - 05FK90,,true,true,,"Eisele, T.P, -. (2017) personal communication.",,
29501,,84465,Munyama,-16.5299,28.4504,UNKNOWN,Zambia,ZMB,Africa,4,2015,5,2015,0.3,5,26,2,0.0769,P. falciparum,RDT,SD BIOLINE Malaria Ag P.f. (HRP2/pLDH) - 05FK90,,true,true,,"Eisele, T.P, -. (2017) personal communication.",,
29539,,84466,Munyumbwe,-16.6244,27.8138,UNKNOWN,Zambia,ZMB,Africa,4,2015,5,2015,0.3,5,36,2,0.0556,P. falciparum,RDT,SD BIOLINE Malaria Ag P.f. (HRP2/pLDH) - 05FK90,,true,true,,"Eisele, T.P, -. (2017) personal communication.",,
29540,,84467,Muzoka,-16.6763,27.3089,UNKNOWN,Zambia,ZMB,Africa,4,2015,5,2015,0.3,5,52,0,0,P. falciparum,RDT,SD BIOLINE Malaria Ag P.f. (HRP2/pLDH) - 05FK90,,true,true,,"Eisele, T.P, -. (2017) personal communication.",,
29551,,84468,Nabutezi,-16.4516,28.5262,UNKNOWN,Zambia,ZMB,Africa,4,2015,5,2015,0.3,5,33,0,0,P. falciparum,RDT,SD BIOLINE Malaria Ag P.f. (HRP2/pLDH) - 05FK90,,true,true,,"Eisele, T.P, -. (2017) personal communication.",,
29552,,84469,Nakempa,-17.0538,26.9169,UNKNOWN,Zambia,ZMB,Africa,4,2015,5,2015,0.3,5,29,0,0,P. falciparum,RDT,SD BIOLINE Malaria Ag P.f. (HRP2/pLDH) - 05FK90,,true,true,,"Eisele, T.P, -. (2017) personal communication.",,
29563,,84407,Harmony,-16.7564,27.1016,UNKNOWN,Zambia,ZMB,Africa,4,2015,5,2015,0.3,5,38,0,0,P. falciparum,RDT,SD BIOLINE Malaria Ag P.f. (HRP2/pLDH) - 05FK90,,true,true,,"Eisele, T.P, -. (2017) personal communication.",,
29564,,84470,Namaila,-16.3095,28.0543,UNKNOWN,Zambia,ZMB,Africa,4,2015,5,2015,0.3,5,50,0,0,P. falciparum,RDT,SD BIOLINE Malaria Ag P.f. (HRP2/pLDH) - 05FK90,,true,true,,"Eisele, T.P, -. (2017) personal communication.",,
29575,,84471,Nanduba,-15.8766,28.2964,UNKNOWN,Zambia,ZMB,Africa,4,2015,5,2015,0.3,5,25,0,0,P. falciparum,RDT,SD BIOLINE Malaria Ag P.f. (HRP2/pLDH) - 05FK90,,true,true,,"Eisele, T.P, -. (2017) personal communication.",,
29576,,84472,Ndondi,-16.7495,27.3794,UNKNOWN,Zambia,ZMB,Africa,4,2015,5,2015,0.3,5,50,2,0.04,P. falciparum,RDT,SD BIOLINE Malaria Ag P.f. (HRP2/pLDH) - 05FK90,,true,true,,"Eisele, T.P, -. (2017) personal communication.",,
29587,,84473,Nyanga/Chaamwe,-16.478,28.0924,UNKNOWN,Zambia,ZMB,Africa,4,2015,5,2015,0.3,5,35,2,0.0571,P. falciparum,RDT,SD BIOLINE Malaria Ag P.f. (HRP2/pLDH) - 05FK90,,true,true,,"Eisele, T.P, -. (2017) personal communication.",,
29588,,84474,Siameja,-17.6747,27.0257,UNKNOWN,Zambia,ZMB,Africa,4,2015,5,2015,0.3,5,31,1,0.0323,P. falciparum,RDT,SD BIOLINE Malaria Ag P.f. (HRP2/pLDH) - 05FK90,,true,true,,"Eisele, T.P, -. (2017) personal communication.",,
29592,,84431,Batoka,-16.7782,27.2562,UNKNOWN,Zambia,ZMB,Africa,4,2015,5,2015,0.3,5,22,0,0,P. falciparum,RDT,SD BIOLINE Malaria Ag P.f. (HRP2/pLDH) - 05FK90,,true,true,,"Eisele, T.P, -. (2017) personal communication.",,
29593,,84432,Bbondo,-16.477,27.9685,UNKNOWN,Zambia,ZMB,Africa,4,2015,5,2015,0.3,5,24,0,0,P. falciparum,RDT,SD BIOLINE Malaria Ag P.f. (HRP2/pLDH) - 05FK90,,true,true,,"Eisele, T.P, -. (2017) personal communication.",,
29594,,84433,Buleyamalima,-17.123,27.52,UNKNOWN,Zambia,ZMB,Africa,4,2015,5,2015,0.3,5,32,10,0.3125,P. falciparum,RDT,SD BIOLINE Malaria Ag P.f. (HRP2/pLDH) - 05FK90,,true,true,,"Eisele, T.P, -. (2017) personal communication.",,
29595,,84434,Chaanga,-16.2983,28.3968,UNKNOWN,Zambia,ZMB,Africa,4,2015,5,2015,0.3,5,27,0,0,P. falciparum,RDT,SD BIOLINE Malaria Ag P.f. (HRP2/pLDH) - 05FK90,,true,true,,"Eisele, T.P, -. (2017) personal communication.",,
29596,,84435,Chabbobboma,-16.7466,27.9025,UNKNOWN,Zambia,ZMB,Africa,4,2015,5,2015,0.3,5,46,11,0.2391,P. falciparum,RDT,SD BIOLINE Malaria Ag P.f. (HRP2/pLDH) - 05FK90,,true,true,,"Eisele, T.P, -. (2017) personal communication.",,
29597,,84436,Cheeba,-15.7932,28.3423,UNKNOWN,Zambia,ZMB,Africa,4,2015,5,2015,0.3,5,23,2,0.087,P. falciparum,RDT,SD BIOLINE Malaria Ag P.f. (HRP2/pLDH) - 05FK90,,true,true,,"Eisele, T.P, -. (2017) personal communication.",,
29598,,84437,Chipepo (Gwembe),-16.8128,27.8712,UNKNOWN,Zambia,ZMB,Africa,4,2015,5,2015,0.3,5,19,1,0.0526,P. falciparum,RDT,SD BIOLINE Malaria Ag P.f. (HRP2/pLDH) - 05FK90,,true,true,,"Eisele, T.P, -. (2017) personal communication.",,
29599,,84438,Chipepo (Siavonga),-16.1301,28.8067,UNKNOWN,Zambia,ZMB,Africa,4,2015,5,2015,0.3,5,23,0,0,P. falciparum,RDT,SD BIOLINE Malaria Ag P.f. (HRP2/pLDH) - 05FK90,,true,true,,"Eisele, T.P, -. (2017) personal communication.",,
29600,,84439,Chisanga,-16.9316,27.5698,UNKNOWN,Zambia,ZMB,Africa,4,2015,5,2015,0.3,5,31,13,0.4194,P. falciparum,RDT,SD BIOLINE Malaria Ag P.f. (HRP2/pLDH) - 05FK90,,true,true,,"Eisele, T.P, -. (2017) personal communication.",,
29601,,84440,Chiyabi,-16.9949,27.6737,UNKNOWN,Zambia,ZMB,Africa,4,2015,5,2015,0.3,5,27,14,0.5185,P. falciparum,RDT,SD BIOLINE Malaria Ag P.f. (HRP2/pLDH) - 05FK90,,true,true,,"Eisele, T.P, -. (2017) personal communication.",,
29602,,84441,Dimbwe,-17.1593,26.9105,UNKNOWN,Zambia,ZMB,Africa,4,2015,5,2015,0.3,5,42,0,0,P. falciparum,RDT,SD BIOLINE Malaria Ag P.f. (HRP2/pLDH) - 05FK90,,true,true,,"Eisele, T.P, -. (2017) personal communication.",,
29603,,84442,GVDC,-17.1946,27.4826,UNKNOWN,Zambia,ZMB,Africa,4,2015,5,2015,0.3,5,32,12,0.375,P. falciparum,RDT,SD BIOLINE Malaria Ag P.f. (HRP2/pLDH) - 05FK90,,true,true,,"Eisele, T.P, -. (2017) personal communication.",,
29604,,84443,Ibbwemunyama,-16.136,28.5173,UNKNOWN,Zambia,ZMB,Africa,4,2015,5,2015,0.3,5,22,0,0,P. falciparum,RDT,SD BIOLINE Malaria Ag P.f. (HRP2/pLDH) - 05FK90,,true,true,,"Eisele, T.P, -. (2017) personal communication.",,
29605,,84444,Jamba,-16.1947,28.6029,UNKNOWN,Zambia,ZMB,Africa,4,2015,5,2015,0.3,5,15,1,0.0667,P. falciparum,RDT,SD BIOLINE Malaria Ag P.f. (HRP2/pLDH) - 05FK90,,true,true,,"Eisele, T.P, -. (2017) personal communication.",,
29606,,84445,Jembo,-16.6834,27.5179,UNKNOWN,Zambia,ZMB,Africa,4,2015,5,2015,0.3,5,51,0,0,P. falciparum,RDT,SD BIOLINE Malaria Ag P.f. (HRP2/pLDH) - 05FK90,,true,true,,"Eisele, T.P, -. (2017) personal communication.",,
29607,,84446,Kafwambila,-17.8243,27.0465,UNKNOWN,Zambia,ZMB,Africa,4,2015,5,2015,0.3,5,27,0,0,P. falciparum,RDT,SD BIOLINE Malaria Ag P.f. (HRP2/pLDH) - 05FK90,,true,true,,"Eisele, T.P, -. (2017) personal communication.",,
29608,,84447,Kanchele,-17.269,26.7666,UNKNOWN,Zambia,ZMB,Africa,4,2015,5,2015,0.3,5,34,0,0,P. falciparum,RDT,SD BIOLINE Malaria Ag P.f. (HRP2/pLDH) - 05FK90,,true,true,,"Eisele, T.P, -. (2017) personal communication.",,
29609,,84448,Kariba,-16.5186,28.6958,UNKNOWN,Zambia,ZMB,Africa,4,2015,5,2015,0.3,5,37,0,0,P. falciparum,RDT,SD BIOLINE Malaria Ag P.f. (HRP2/pLDH) - 05FK90,,true,true,,"Eisele, T.P, -. (2017) personal communication.",,
29610,,84449,Kasikili,-16.582,27.5754,UNKNOWN,Zambia,ZMB,Africa,4,2015,5,2015,0.3,5,38,0,0,P. falciparum,RDT,SD BIOLINE Malaria Ag P.f. (HRP2/pLDH) - 05FK90,,true,true,,"Eisele, T.P, -. (2017) personal communication.",,
29611,,84450,Kazimaulu,-16.83,27.504,UNKNOWN,Zambia,ZMB,Africa,4,2015,5,2015,0.3,5,63,2,0.0317,P. falciparum,RDT,SD BIOLINE Malaria Ag P.f. (HRP2/pLDH) - 05FK90,,true,true,,"Eisele, T.P, -. (2017) personal communication.",,
29612,,84484,Simwatachela,-17.5082,26.7939,UNKNOWN,Zambia,ZMB,Africa,4,2015,5,2015,0.3,5,34,0,0,P. falciparum,RDT,SD BIOLINE Malaria Ag P.f. (HRP2/pLDH) - 05FK90,,true,true,,"Eisele, T.P, -. (2017) personal communication.",,
29613,,84485,Sinafala,-16.843,27.728,UNKNOWN,Zambia,ZMB,Africa,4,2015,5,2015,0.3,5,55,14,0.2545,P. falciparum,RDT,SD BIOLINE Malaria Ag P.f. (HRP2/pLDH) - 05FK90,,true,true,,"Eisele, T.P, -. (2017) personal communication.",,
29614,,84486,Sinamalima,-17.0579,27.5577,UNKNOWN,Zambia,ZMB,Africa,4,2015,5,2015,0.3,5,40,9,0.225,P. falciparum,RDT,SD BIOLINE Malaria Ag P.f. (HRP2/pLDH) - 05FK90,,true,true,,"Eisele, T.P, -. (2017) personal communication.",,
29615,,84487,Sinazeze,-17.1397,27.3634,UNKNOWN,Zambia,ZMB,Africa,4,2015,5,2015,0.3,5,23,5,0.2174,P. falciparum,RDT,SD BIOLINE Malaria Ag P.f. (HRP2/pLDH) - 05FK90,,true,true,,"Eisele, T.P, -. (2017) personal communication.",,
29616,,84488,Sinazongwe HC,-17.2378,27.4001,UNKNOWN,Zambia,ZMB,Africa,4,2015,5,2015,0.3,5,34,7,0.2059,P. falciparum,RDT,SD BIOLINE Malaria Ag P.f. (HRP2/pLDH) - 05FK90,,true,true,,"Eisele, T.P, -. (2017) personal communication.",,
29617,,84489,Sulwegonde,-17.5045,27.0942,UNKNOWN,Zambia,ZMB,Africa,4,2015,5,2015,0.3,5,26,1,0.0385,P. falciparum,RDT,SD BIOLINE Malaria Ag P.f. (HRP2/pLDH) - 05FK90,,true,true,,"Eisele, T.P, -. (2017) personal communication.",,
29618,,84490,Batoka,-16.7697,27.2559,UNKNOWN,Zambia,ZMB,Africa,4,2016,5,2016,0.3,5,45,0,0,P. falciparum,RDT,SD BIOLINE Malaria Ag P.f. (HRP2/pLDH) - 05FK90,,true,true,,"Eisele, T.P, -. (2017) personal communication.",,
29619,,84491,Bbondo,-16.4845,27.9724,UNKNOWN,Zambia,ZMB,Africa,4,2016,5,2016,0.3,5,29,1,0.0345,P. falciparum,RDT,SD BIOLINE Malaria Ag P.f. (HRP2/pLDH) - 05FK90,,true,true,,"Eisele, T.P, -. (2017) personal communication.",,
29620,,84492,Buleyamalima,-17.1275,27.5226,UNKNOWN,Zambia,ZMB,Africa,4,2016,5,2016,0.3,5,51,5,0.098,P. falciparum,RDT,SD BIOLINE Malaria Ag P.f. (HRP2/pLDH) - 05FK90,,true,true,,"Eisele, T.P, -. (2017) personal communication.",,
29621,,84493,Chaanga,-16.2991,28.3961,UNKNOWN,Zambia,ZMB,Africa,4,2016,5,2016,0.3,5,36,1,0.0278,P. falciparum,RDT,SD BIOLINE Malaria Ag P.f. (HRP2/pLDH) - 05FK90,,true,true,,"Eisele, T.P, -. (2017) personal communication.",,
29622,,84494,Chabbobboma,-16.7487,27.8989,UNKNOWN,Zambia,ZMB,Africa,4,2016,5,2016,0.3,5,57,4,0.0702,P. falciparum,RDT,SD BIOLINE Malaria Ag P.f. (HRP2/pLDH) - 05FK90,,true,true,,"Eisele, T.P, -. (2017) personal communication.",,
29623,,84495,Cheeba,-15.8041,28.3505,UNKNOWN,Zambia,ZMB,Africa,4,2016,5,2016,0.3,5,31,2,0.0645,P. falciparum,RDT,SD BIOLINE Malaria Ag P.f. (HRP2/pLDH) - 05FK90,,true,true,,"Eisele, T.P, -. (2017) personal communication.",,
29624,,84496,Chipepo (Gwembe),-16.8082,27.8793,UNKNOWN,Zambia,ZMB,Africa,4,2016,5,2016,0.3,5,38,1,0.0263,P. falciparum,RDT,SD BIOLINE Malaria Ag P.f. (HRP2/pLDH) - 05FK90,,true,true,,"Eisele, T.P, -. (2017) personal communication.",,
29625,,84497,Chipepo (Siavonga),-16.1326,28.8082,UNKNOWN,Zambia,ZMB,Africa,4,2016,5,2016,0.3,5,30,1,0.0333,P. falciparum,RDT,SD BIOLINE Malaria Ag P.f. (HRP2/pLDH) - 05FK90,,true,true,,"Eisele, T.P, -. (2017) personal communication.",,
29626,,84498,Chisanga,-16.9179,27.5784,UNKNOWN,Zambia,ZMB,Africa,4,2016,5,2016,0.3,5,44,1,0.0227,P. falciparum,RDT,SD BIOLINE Malaria Ag P.f. (HRP2/pLDH) - 05FK90,,true,true,,"Eisele, T.P, -. (2017) personal communication.",,
29627,,84499,Chiyabi,-16.9912,27.6796,UNKNOWN,Zambia,ZMB,Africa,4,2016,5,2016,0.3,5,44,4,0.0909,P. falciparum,RDT,SD BIOLINE Malaria Ag P.f. (HRP2/pLDH) - 05FK90,,true,true,,"Eisele, T.P, -. (2017) personal communication.",,
29628,,84500,Dimbwe,-17.1513,26.9214,UNKNOWN,Zambia,ZMB,Africa,4,2016,5,2016,0.3,5,40,0,0,P. falciparum,RDT,SD BIOLINE Malaria Ag P.f. (HRP2/pLDH) - 05FK90,,true,true,,"Eisele, T.P, -. (2017) personal communication.",,
29629,,84501,GVDC,-17.194,27.4855,UNKNOWN,Zambia,ZMB,Africa,4,2016,5,2016,0.3,5,47,10,0.2128,P. falciparum,RDT,SD BIOLINE Malaria Ag P.f. (HRP2/pLDH) - 05FK90,,true,true,,"Eisele, T.P, -. (2017) personal communication.",,
29630,,84502,Harmony,-16.7507,27.1023,UNKNOWN,Zambia,ZMB,Africa,4,2016,5,2016,0.3,5,50,0,0,P. falciparum,RDT,SD BIOLINE Malaria Ag P.f. (HRP2/pLDH) - 05FK90,,true,true,,"Eisele, T.P, -. (2017) personal communication.",,
29631,,84503,Ibbwemunyama,-16.1366,28.5175,UNKNOWN,Zambia,ZMB,Africa,4,2016,5,2016,0.3,5,33,1,0.0303,P. falciparum,RDT,SD BIOLINE Malaria Ag P.f. (HRP2/pLDH) - 05FK90,,true,true,,"Eisele, T.P, -. (2017) personal communication.",,
29632,,84504,Jamba,-16.198,28.5963,UNKNOWN,Zambia,ZMB,Africa,4,2016,5,2016,0.3,5,37,3,0.0811,P. falciparum,RDT,SD BIOLINE Malaria Ag P.f. (HRP2/pLDH) - 05FK90,,true,true,,"Eisele, T.P, -. (2017) personal communication.",,
29633,,84505,Jembo,-16.6869,27.537,UNKNOWN,Zambia,ZMB,Africa,4,2016,5,2016,0.3,5,53,0,0,P. falciparum,RDT,SD BIOLINE Malaria Ag P.f. (HRP2/pLDH) - 05FK90,,true,true,,"Eisele, T.P, -. (2017) personal communication.",,
29634,,84506,Kafwambila,-17.8282,27.0137,UNKNOWN,Zambia,ZMB,Africa,4,2016,5,2016,0.3,5,21,0,0,P. falciparum,RDT,SD BIOLINE Malaria Ag P.f. (HRP2/pLDH) - 05FK90,,true,true,,"Eisele, T.P, -. (2017) personal communication.",,
29635,,84507,Kanchele,-17.2736,26.7716,UNKNOWN,Zambia,ZMB,Africa,4,2016,5,2016,0.3,5,53,3,0.0566,P. falciparum,RDT,SD BIOLINE Malaria Ag P.f. (HRP2/pLDH) - 05FK90,,true,true,,"Eisele, T.P, -. (2017) personal communication.",,
29636,,84508,Kariba,-16.5177,28.6938,UNKNOWN,Zambia,ZMB,Africa,4,2016,5,2016,0.3,5,32,2,0.0625,P. falciparum,RDT,SD BIOLINE Malaria Ag P.f. (HRP2/pLDH) - 05FK90,,true,true,,"Eisele, T.P, -. (2017) personal communication.",,
29637,,84509,Kasikili,-16.5735,27.5808,UNKNOWN,Zambia,ZMB,Africa,4,2016,5,2016,0.3,5,39,0,0,P. falciparum,RDT,SD BIOLINE Malaria Ag P.f. (HRP2/pLDH) - 05FK90,,true,true,,"Eisele, T.P, -. (2017) personal communication.",,
29638,,84510,Kazimaulu,-16.8223,27.5011,UNKNOWN,Zambia,ZMB,Africa,4,2016,5,2016,0.3,5,65,1,0.0154,P. falciparum,RDT,SD BIOLINE Malaria Ag P.f. (HRP2/pLDH) - 05FK90,,true,true,,"Eisele, T.P, -. (2017) personal communication.",,
29639,,84511,Luumbo,-16.6128,28.144,UNKNOWN,Zambia,ZMB,Africa,4,2016,5,2016,0.3,5,55,8,0.1455,P. falciparum,RDT,SD BIOLINE Malaria Ag P.f. (HRP2/pLDH) - 05FK90,,true,true,,"Eisele, T.P, -. (2017) personal communication.",,
29640,,84512,Luyaba,-17.4086,26.6015,UNKNOWN,Zambia,ZMB,Africa,4,2016,5,2016,0.3,5,46,0,0,P. falciparum,RDT,SD BIOLINE Malaria Ag P.f. (HRP2/pLDH) - 05FK90,,true,true,,"Eisele, T.P, -. (2017) personal communication.",,
29641,,84513,Maamba Hospital,-17.3601,27.2236,UNKNOWN,Zambia,ZMB,Africa,4,2016,5,2016,0.3,5,27,0,0,P. falciparum,RDT,SD BIOLINE Malaria Ag P.f. (HRP2/pLDH) - 05FK90,,true,true,,"Eisele, T.P, -. (2017) personal communication.",,
29642,,84514,Manchanvwa,-16.4872,28.387,UNKNOWN,Zambia,ZMB,Africa,4,2016,5,2016,0.3,5,42,14,0.3333,P. falciparum,RDT,SD BIOLINE Malaria Ag P.f. (HRP2/pLDH) - 05FK90,,true,true,,"Eisele, T.P, -. (2017) personal communication.",,
29643,,84515,Mapatizya,-17.7287,26.8154,UNKNOWN,Zambia,ZMB,Africa,4,2016,5,2016,0.3,5,26,0,0,P. falciparum,RDT,SD BIOLINE Malaria Ag P.f. (HRP2/pLDH) - 05FK90,,true,true,,"Eisele, T.P, -. (2017) personal communication.",,
29644,,84516,Masempela,-17.2991,26.9197,UNKNOWN,Zambia,ZMB,Africa,4,2016,5,2016,0.3,5,58,1,0.0172,P. falciparum,RDT,SD BIOLINE Malaria Ag P.f. (HRP2/pLDH) - 05FK90,,true,true,,"Eisele, T.P, -. (2017) personal communication.",,
29645,,84517,Masuku,-17.1702,27.0947,UNKNOWN,Zambia,ZMB,Africa,4,2016,5,2016,0.3,5,33,0,0,P. falciparum,RDT,SD BIOLINE Malaria Ag P.f. (HRP2/pLDH) - 05FK90,,true,true,,"Eisele, T.P, -. (2017) personal communication.",,
29646,,84518,Masuku Mines,-17.2758,27.0849,UNKNOWN,Zambia,ZMB,Africa,4,2016,5,2016,0.3,5,48,0,0,P. falciparum,RDT,SD BIOLINE Malaria Ag P.f. (HRP2/pLDH) - 05FK90,,true,true,,"Eisele, T.P, -. (2017) personal communication.",,
29647,,84519,Matua,-16.3984,28.7282,UNKNOWN,Zambia,ZMB,Africa,4,2016,5,2016,0.3,5,27,1,0.037,P. falciparum,RDT,SD BIOLINE Malaria Ag P.f. (HRP2/pLDH) - 05FK90,,true,true,,"Eisele, T.P, -. (2017) personal communication.",,
29648,,84520,Mochipapa,-16.88,27.0945,UNKNOWN,Zambia,ZMB,Africa,4,2016,5,2016,0.3,5,32,0,0,P. falciparum,RDT,SD BIOLINE Malaria Ag P.f. (HRP2/pLDH) - 05FK90,,true,true,,"Eisele, T.P, -. (2017) personal communication.",,
29649,,84521,Moobe,-15.9479,28.3867,UNKNOWN,Zambia,ZMB,Africa,4,2016,5,2016,0.3,5,32,0,0,P. falciparum,RDT,SD BIOLINE Malaria Ag P.f. (HRP2/pLDH) - 05FK90,,true,true,,"Eisele, T.P, -. (2017) personal communication.",,
29650,,84522,Moomba,-16.3853,27.8578,UNKNOWN,Zambia,ZMB,Africa,4,2016,5,2016,0.3,5,36,0,0,P. falciparum,RDT,SD BIOLINE Malaria Ag P.f. (HRP2/pLDH) - 05FK90,,true,true,,"Eisele, T.P, -. (2017) personal communication.",,
29651,,84523,Moyo,-16.8072,27.4273,UNKNOWN,Zambia,ZMB,Africa,4,2016,5,2016,0.3,5,62,0,0,P. falciparum,RDT,SD BIOLINE Malaria Ag P.f. (HRP2/pLDH) - 05FK90,,true,true,,"Eisele, T.P, -. (2017) personal communication.",,
29652,,84524,Mtendere Mission Hospital,-16.02,28.7512,UNKNOWN,Zambia,ZMB,Africa,4,2016,5,2016,0.3,5,33,2,0.0606,P. falciparum,RDT,SD BIOLINE Malaria Ag P.f. (HRP2/pLDH) - 05FK90,,true,true,,"Eisele, T.P, -. (2017) personal communication.",,
29653,,84525,Munyama,-16.5487,28.435,UNKNOWN,Zambia,ZMB,Africa,4,2016,5,2016,0.3,5,36,3,0.0833,P. falciparum,RDT,SD BIOLINE Malaria Ag P.f. (HRP2/pLDH) - 05FK90,,true,true,,"Eisele, T.P, -. (2017) personal communication.",,
29654,,84526,Munyumbwe,-16.6384,27.8092,UNKNOWN,Zambia,ZMB,Africa,4,2016,5,2016,0.3,5,40,0,0,P. falciparum,RDT,SD BIOLINE Malaria Ag P.f. (HRP2/pLDH) - 05FK90,,true,true,,"Eisele, T.P, -. (2017) personal communication.",,
29655,,84527,Muzoka,-16.6792,27.3114,UNKNOWN,Zambia,ZMB,Africa,4,2016,5,2016,0.3,5,49,0,0,P. falciparum,RDT,SD BIOLINE Malaria Ag P.f. (HRP2/pLDH) - 05FK90,,true,true,,"Eisele, T.P, -. (2017) personal communication.",,
29656,,84528,Nabutezi,-16.4619,28.5334,UNKNOWN,Zambia,ZMB,Africa,4,2016,5,2016,0.3,5,32,0,0,P. falciparum,RDT,SD BIOLINE Malaria Ag P.f. (HRP2/pLDH) - 05FK90,,true,true,,"Eisele, T.P, -. (2017) personal communication.",,
29657,,84529,Nakempa,-17.0574,26.9111,UNKNOWN,Zambia,ZMB,Africa,4,2016,5,2016,0.3,5,56,0,0,P. falciparum,RDT,SD BIOLINE Malaria Ag P.f. (HRP2/pLDH) - 05FK90,,true,true,,"Eisele, T.P, -. (2017) personal communication.",,
29658,,84530,Namaila,-16.3176,28.0283,UNKNOWN,Zambia,ZMB,Africa,4,2016,5,2016,0.3,5,39,1,0.0256,P. falciparum,RDT,SD BIOLINE Malaria Ag P.f. (HRP2/pLDH) - 05FK90,,true,true,,"Eisele, T.P, -. (2017) personal communication.",,
29659,,84531,Nanduba,-15.8698,28.29,UNKNOWN,Zambia,ZMB,Africa,4,2016,5,2016,0.3,5,46,0,0,P. falciparum,RDT,SD BIOLINE Malaria Ag P.f. (HRP2/pLDH) - 05FK90,,true,true,,"Eisele, T.P, -. (2017) personal communication.",,
29660,,84532,Ndondi,-16.7559,27.3784,UNKNOWN,Zambia,ZMB,Africa,4,2016,5,2016,0.3,5,39,0,0,P. falciparum,RDT,SD BIOLINE Malaria Ag P.f. (HRP2/pLDH) - 05FK90,,true,true,,"Eisele, T.P, -. (2017) personal communication.",,
29661,,84533,Nyanga/Chaamwe,-16.4787,28.0936,UNKNOWN,Zambia,ZMB,Africa,4,2016,5,2016,0.3,5,47,0,0,P. falciparum,RDT,SD BIOLINE Malaria Ag P.f. (HRP2/pLDH) - 05FK90,,true,true,,"Eisele, T.P, -. (2017) personal communication.",,
29662,,84534,Siameja,-17.6654,27.0702,UNKNOWN,Zambia,ZMB,Africa,4,2016,5,2016,0.3,5,23,1,0.0435,P. falciparum,RDT,SD BIOLINE Malaria Ag P.f. (HRP2/pLDH) - 05FK90,,true,true,,"Eisele, T.P, -. (2017) personal communication.",,
29663,,84535,Siamuleya,-16.9688,27.3526,UNKNOWN,Zambia,ZMB,Africa,4,2016,5,2016,0.3,5,68,1,0.0147,P. falciparum,RDT,SD BIOLINE Malaria Ag P.f. (HRP2/pLDH) - 05FK90,,true,true,,"Eisele, T.P, -. (2017) personal communication.",,
29664,,84536,Siansowa,-17.49,27.3593,UNKNOWN,Zambia,ZMB,Africa,4,2016,5,2016,0.3,5,32,0,0,P. falciparum,RDT,SD BIOLINE Malaria Ag P.f. (HRP2/pLDH) - 05FK90,,true,true,,"Eisele, T.P, -. (2017) personal communication.",,
29665,,84537,Sianyoolo,-16.3974,28.2884,UNKNOWN,Zambia,ZMB,Africa,4,2016,5,2016,0.3,5,37,3,0.0811,P. falciparum,RDT,SD BIOLINE Malaria Ag P.f. (HRP2/pLDH) - 05FK90,,true,true,,"Eisele, T.P, -. (2017) personal communication.",,
29667,,84538,Siatwinda,-17.4329,27.279,UNKNOWN,Zambia,ZMB,Africa,4,2016,5,2016,0.3,5,24,0,0,P. falciparum,RDT,SD BIOLINE Malaria Ag P.f. (HRP2/pLDH) - 05FK90,,true,true,,"Eisele, T.P, -. (2017) personal communication.",,
29668,,84539,Siavonga Hospital,-16.5032,28.7485,UNKNOWN,Zambia,ZMB,Africa,4,2016,5,2016,0.3,5,18,0,0,P. falciparum,RDT,SD BIOLINE Malaria Ag P.f. (HRP2/pLDH) - 05FK90,,true,true,,"Eisele, T.P, -. (2017) personal communication.",,
29669,,84540,Sikalongo,-16.9373,27.2393,UNKNOWN,Zambia,ZMB,Africa,4,2016,5,2016,0.3,5,52,2,0.0385,P. falciparum,RDT,SD BIOLINE Malaria Ag P.f. (HRP2/pLDH) - 05FK90,,true,true,,"Eisele, T.P, -. (2017) personal communication.",,
29670,,84541,Sikaneka,-17.345,27.3478,UNKNOWN,Zambia,ZMB,Africa,4,2016,5,2016,0.3,5,39,2,0.0513,P. falciparum,RDT,SD BIOLINE Malaria Ag P.f. (HRP2/pLDH) - 05FK90,,true,true,,"Eisele, T.P, -. (2017) personal communication.",,
29671,,84542,Simakutu,-17.0752,27.035,UNKNOWN,Zambia,ZMB,Africa,4,2016,5,2016,0.3,5,34,0,0,P. falciparum,RDT,SD BIOLINE Malaria Ag P.f. (HRP2/pLDH) - 05FK90,,true,true,,"Eisele, T.P, -. (2017) personal communication.",,
29672,,84543,Simukanka,-16.9794,26.8911,UNKNOWN,Zambia,ZMB,Africa,4,2016,5,2016,0.3,5,57,4,0.0702,P. falciparum,RDT,SD BIOLINE Malaria Ag P.f. (HRP2/pLDH) - 05FK90,,true,true,,"Eisele, T.P, -. (2017) personal communication.",,
29673,,84544,Simwatachela,-17.5118,26.8076,UNKNOWN,Zambia,ZMB,Africa,4,2016,5,2016,0.3,5,53,0,0,P. falciparum,RDT,SD BIOLINE Malaria Ag P.f. (HRP2/pLDH) - 05FK90,,true,true,,"Eisele, T.P, -. (2017) personal communication.",,
29674,,84545,Sinafala,-16.8271,27.7227,UNKNOWN,Zambia,ZMB,Africa,4,2016,5,2016,0.3,5,53,3,0.0566,P. falciparum,RDT,SD BIOLINE Malaria Ag P.f. (HRP2/pLDH) - 05FK90,,true,true,,"Eisele, T.P, -. (2017) personal communication.",,
29675,,84546,Sinamalima,-17.0575,27.555,UNKNOWN,Zambia,ZMB,Africa,4,2016,5,2016,0.3,5,47,1,0.0213,P. falciparum,RDT,SD BIOLINE Malaria Ag P.f. (HRP2/pLDH) - 05FK90,,true,true,,"Eisele, T.P, -. (2017) personal communication.",,
29676,,84547,Sinazeze,-17.1384,27.3579,UNKNOWN,Zambia,ZMB,Africa,4,2016,5,2016,0.3,5,41,6,0.1463,P. falciparum,RDT,SD BIOLINE Malaria Ag P.f. (HRP2/pLDH) - 05FK90,,true,true,,"Eisele, T.P, -. (2017) personal communication.",,
29677,,84548,Sinazongwe HC,-17.2402,27.4082,UNKNOWN,Zambia,ZMB,Africa,4,2016,5,2016,0.3,5,32,5,0.1562,P. falciparum,RDT,SD BIOLINE Malaria Ag P.f. (HRP2/pLDH) - 05FK90,,true,true,,"Eisele, T.P, -. (2017) personal communication.",,
29678,,84549,Sulwegonde,-17.495,27.1188,UNKNOWN,Zambia,ZMB,Africa,4,2016,5,2016,0.3,5,21,0,0,P. falciparum,RDT,SD BIOLINE Malaria Ag P.f. (HRP2/pLDH) - 05FK90,,true,true,,"Eisele, T.P, -. (2017) personal communication.",,
29877,,85072,Biiso,1.9001,31.4125,UNKNOWN,Uganda,UGA,Africa,6,2015,6,2015,5,10,51,35,0.6863,P. falciparum,RDT,SD BIOLINE Malaria Ag Pf/Pan 05FK66/05K60/05FK63,,true,true,,"Al-Shehri, H, Stanton, M.C, LaCourse, J.E, Atuhaire, A, Arinaitwe, M, Wamboko, A, Adriko, M, Kabatereine, N.B and Stothard, J.R (2016).  <b>An extensive burden of giardiasis associated with intestinal schistosomiasis and anaemia in school children on the shoreline of Lake Albert, Uganda
.</b> <i>Transactions of the Royal Society of Tropical Medicine and Hygiene</i>, <b>110</b>( ):597 - 603","Al-Shehri, H,  . (2017) personal communication.",
29878,,85073,Walakuba,1.8387,31.379,UNKNOWN,Uganda,UGA,Africa,6,2015,6,2015,5,10,56,19,0.3393,P. falciparum,RDT,SD BIOLINE Malaria Ag Pf/Pan 05FK66/05K60/05FK63,,true,true,,"Al-Shehri, H, Stanton, M.C, LaCourse, J.E, Atuhaire, A, Arinaitwe, M, Wamboko, A, Adriko, M, Kabatereine, N.B and Stothard, J.R (2016).  <b>An extensive burden of giardiasis associated with intestinal schistosomiasis and anaemia in school children on the shoreline of Lake Albert, Uganda
.</b> <i>Transactions of the Royal Society of Tropical Medicine and Hygiene</i>, <b>110</b>( ):597 - 603","Al-Shehri, H,  . (2017) personal communication.",
29879,,85074,Runga,1.7305,31.31,UNKNOWN,Uganda,UGA,Africa,6,2015,6,2015,5,10,54,33,0.6111,P. falciparum,RDT,SD BIOLINE Malaria Ag Pf/Pan 05FK66/05K60/05FK63,,true,true,,"Al-Shehri, H, Stanton, M.C, LaCourse, J.E, Atuhaire, A, Arinaitwe, M, Wamboko, A, Adriko, M, Kabatereine, N.B and Stothard, J.R (2016).  <b>An extensive burden of giardiasis associated with intestinal schistosomiasis and anaemia in school children on the shoreline of Lake Albert, Uganda
.</b> <i>Transactions of the Royal Society of Tropical Medicine and Hygiene</i>, <b>110</b>( ):597 - 603","Al-Shehri, H,  . (2017) personal communication.",
29881,,85075,Bugoigo,1.7586,31.4206,UNKNOWN,Uganda,UGA,Africa,6,2015,6,2015,5,10,60,30,0.5,P. falciparum,RDT,SD BIOLINE Malaria Ag Pf/Pan 05FK66/05K60/05FK63,,true,true,,"Al-Shehri, H, Stanton, M.C, LaCourse, J.E, Atuhaire, A, Arinaitwe, M, Wamboko, A, Adriko, M, Kabatereine, N.B and Stothard, J.R (2016).  <b>An extensive burden of giardiasis associated with intestinal schistosomiasis and anaemia in school children on the shoreline of Lake Albert, Uganda
.</b> <i>Transactions of the Royal Society of Tropical Medicine and Hygiene</i>, <b>110</b>( ):597 - 603","Al-Shehri, H,  . (2017) personal communication.",
29882,,85076,Busingiro,1.7348,31.4476,UNKNOWN,Uganda,UGA,Africa,6,2015,6,2015,5,10,50,33,0.66,P. falciparum,RDT,SD BIOLINE Malaria Ag Pf/Pan 05FK66/05K60/05FK63,,true,true,,"Al-Shehri, H, Stanton, M.C, LaCourse, J.E, Atuhaire, A, Arinaitwe, M, Wamboko, A, Adriko, M, Kabatereine, N.B and Stothard, J.R (2016).  <b>An extensive burden of giardiasis associated with intestinal schistosomiasis and anaemia in school children on the shoreline of Lake Albert, Uganda
.</b> <i>Transactions of the Royal Society of Tropical Medicine and Hygiene</i>, <b>110</b>( ):597 - 603","Al-Shehri, H,  . (2017) personal communication.",
30340,,1544324,Kaedi,16.1506,-13.5078,UNKNOWN,Mauritania,MRT,Africa,5,2015,5,2015,0,99,4417,12,0,P. falciparum,Microscopy,,,true,true,,"Gbalégba, Ba, Silué, Ba, Tia, Chouaibou, Tian-Bi, Yapi, Koné, Utzinger and Koudou (2018).  <b>Distribution of <i>Plasmodium</i> spp. infection in asymptomatic carriers in perennial and low seasonal malaria transmission settings in West Africa.</b> <i>Infectious Diseases of Poverty</i>, <b>7</b>(1)", personal communication.,
30347,,1562774,Korhogo,9.4614,-5.6408,UNKNOWN,Côte d'Ivoire,CIV,Africa,3,2015,7,2015,0,99,3427,265,0.0866,P. falciparum,Microscopy,,,true,true,,"Gbalégba, Ba, Silué, Ba, Tia, Chouaibou, Tian-Bi, Yapi, Koné, Utzinger and Koudou (2018).  <b>Distribution of <i>Plasmodium</i> spp. infection in asymptomatic carriers in perennial and low seasonal malaria transmission settings in West Africa.</b> <i>Infectious Diseases of Poverty</i>, <b>7</b>(1)", personal communication.,
30350,,1564824,Bouake,7.6922,-5.0365,UNKNOWN,Côte d'Ivoire,CIV,Africa,4,2015,4,2015,0.5,4,89,72,0.8788,P. falciparum,Microscopy,,,true,true,,"N’Cho Tchiekoi, Traoré, Poinsignon, Adja, Coulibaly, Remoue, Zoh, Assi, Sagna, Lingué and Dagnogo (2018).  <b>Evaluation of Malaria Urban Risk Using an Immuno-Epidemiological Biomarker of Human Exposure to <i>Anopheles</i> Bites.</b> <i>The American Journal of Tropical Medicine and Hygiene</i>, <b>98</b>(5):1353-1359", personal communication.,
30532,,2135474,NCH_B3 ,-9.3992,28.8136,UNKNOWN,Zambia,ZMB,Africa,1,2017,1,2017,1,32,8,6,0.75,P. falciparum,RDT,,,true,true,, ICEMR. personal communication.,"Mharakurwa, Searle, for the Southern Africa International Centers of Excellence for Malaria Research, Katowa, Kobayashi, Siame, Carpi, Norris, Stevenson, Thuma and Moss (2017).  <b>Distinct parasite populations infect individuals identified through passive and active case detection in a region of declining malaria transmission in southern Zambia.</b> <i>Malaria Journal</i>, <b>16</b>(1)","Ippolito, Searle, Hamapumbu, Shields, Stevenson, Thuma, Moss and for the Southern Africa International Center of Excellence for Malaria Research (2017).  <b>House Structure Is Associated with <i>Plasmodium falciparum</i> Infection in a Low-Transmission Setting in Southern Zambia.</b> <i>The American Journal of Tropical Medicine and Hygiene</i>, <b>97</b>(5):1561-1567"
30533,,2135824,NCH_C3,-9.354,28.8134,UNKNOWN,Zambia,ZMB,Africa,1,2017,1,2017,1,28,14,9,0.6429,P. falciparum,RDT,,,true,true,, ICEMR. personal communication.,"Mharakurwa, Searle, for the Southern Africa International Centers of Excellence for Malaria Research, Katowa, Kobayashi, Siame, Carpi, Norris, Stevenson, Thuma and Moss (2017).  <b>Distinct parasite populations infect individuals identified through passive and active case detection in a region of declining malaria transmission in southern Zambia.</b> <i>Malaria Journal</i>, <b>16</b>(1)","Ippolito, Searle, Hamapumbu, Shields, Stevenson, Thuma, Moss and for the Southern Africa International Center of Excellence for Malaria Research (2017).  <b>House Structure Is Associated with <i>Plasmodium falciparum</i> Infection in a Low-Transmission Setting in Southern Zambia.</b> <i>The American Journal of Tropical Medicine and Hygiene</i>, <b>97</b>(5):1561-1567"
30534,,2136174,NCH_D1,-9.3092,28.7221,UNKNOWN,Zambia,ZMB,Africa,1,2017,1,2017,0.7,69,29,6,0.2069,P. falciparum,RDT,,,true,true,, ICEMR. personal communication.,"Mharakurwa, Searle, for the Southern Africa International Centers of Excellence for Malaria Research, Katowa, Kobayashi, Siame, Carpi, Norris, Stevenson, Thuma and Moss (2017).  <b>Distinct parasite populations infect individuals identified through passive and active case detection in a region of declining malaria transmission in southern Zambia.</b> <i>Malaria Journal</i>, <b>16</b>(1)","Ippolito, Searle, Hamapumbu, Shields, Stevenson, Thuma, Moss and for the Southern Africa International Center of Excellence for Malaria Research (2017).  <b>House Structure Is Associated with <i>Plasmodium falciparum</i> Infection in a Low-Transmission Setting in Southern Zambia.</b> <i>The American Journal of Tropical Medicine and Hygiene</i>, <b>97</b>(5):1561-1567"
30535,,2136524,NCH_D2,-9.309,28.7676,UNKNOWN,Zambia,ZMB,Africa,1,2017,1,2017,0.8,53,23,4,0.1739,P. falciparum,RDT,,,true,true,, ICEMR. personal communication.,"Mharakurwa, Searle, for the Southern Africa International Centers of Excellence for Malaria Research, Katowa, Kobayashi, Siame, Carpi, Norris, Stevenson, Thuma and Moss (2017).  <b>Distinct parasite populations infect individuals identified through passive and active case detection in a region of declining malaria transmission in southern Zambia.</b> <i>Malaria Journal</i>, <b>16</b>(1)","Ippolito, Searle, Hamapumbu, Shields, Stevenson, Thuma, Moss and for the Southern Africa International Center of Excellence for Malaria Research (2017).  <b>House Structure Is Associated with <i>Plasmodium falciparum</i> Infection in a Low-Transmission Setting in Southern Zambia.</b> <i>The American Journal of Tropical Medicine and Hygiene</i>, <b>97</b>(5):1561-1567"
30536,,2136874,NCH_E2,-9.2638,28.7674,UNKNOWN,Zambia,ZMB,Africa,1,2017,1,2017,3,44,10,5,0.5,P. falciparum,RDT,,,true,true,, ICEMR. personal communication.,"Mharakurwa, Searle, for the Southern Africa International Centers of Excellence for Malaria Research, Katowa, Kobayashi, Siame, Carpi, Norris, Stevenson, Thuma and Moss (2017).  <b>Distinct parasite populations infect individuals identified through passive and active case detection in a region of declining malaria transmission in southern Zambia.</b> <i>Malaria Journal</i>, <b>16</b>(1)","Ippolito, Searle, Hamapumbu, Shields, Stevenson, Thuma, Moss and for the Southern Africa International Center of Excellence for Malaria Research (2017).  <b>House Structure Is Associated with <i>Plasmodium falciparum</i> Infection in a Low-Transmission Setting in Southern Zambia.</b> <i>The American Journal of Tropical Medicine and Hygiene</i>, <b>97</b>(5):1561-1567"
30537,,2137224,NCH_E23,-9.2636,28.8129,UNKNOWN,Zambia,ZMB,Africa,1,2017,1,2017,2,49,7,2,0.2857,P. falciparum,RDT,,,true,true,, ICEMR. personal communication.,"Mharakurwa, Searle, for the Southern Africa International Centers of Excellence for Malaria Research, Katowa, Kobayashi, Siame, Carpi, Norris, Stevenson, Thuma and Moss (2017).  <b>Distinct parasite populations infect individuals identified through passive and active case detection in a region of declining malaria transmission in southern Zambia.</b> <i>Malaria Journal</i>, <b>16</b>(1)","Ippolito, Searle, Hamapumbu, Shields, Stevenson, Thuma, Moss and for the Southern Africa International Center of Excellence for Malaria Research (2017).  <b>House Structure Is Associated with <i>Plasmodium falciparum</i> Infection in a Low-Transmission Setting in Southern Zambia.</b> <i>The American Journal of Tropical Medicine and Hygiene</i>, <b>97</b>(5):1561-1567"
30538,,2137574,NCH_B3,-9.3992,28.8136,UNKNOWN,Zambia,ZMB,Africa,3,2017,3,2017,0.7,46,5,3,0.6,P. falciparum,RDT,,,true,true,, ICEMR. personal communication.,"Mharakurwa, Searle, for the Southern Africa International Centers of Excellence for Malaria Research, Katowa, Kobayashi, Siame, Carpi, Norris, Stevenson, Thuma and Moss (2017).  <b>Distinct parasite populations infect individuals identified through passive and active case detection in a region of declining malaria transmission in southern Zambia.</b> <i>Malaria Journal</i>, <b>16</b>(1)","Ippolito, Searle, Hamapumbu, Shields, Stevenson, Thuma, Moss and for the Southern Africa International Center of Excellence for Malaria Research (2017).  <b>House Structure Is Associated with <i>Plasmodium falciparum</i> Infection in a Low-Transmission Setting in Southern Zambia.</b> <i>The American Journal of Tropical Medicine and Hygiene</i>, <b>97</b>(5):1561-1567"
30539,,2137924,NCH_C3,-9.354,28.8134,UNKNOWN,Zambia,ZMB,Africa,3,2017,3,2017,0.7,64,21,13,0.619,P. falciparum,RDT,,,true,true,, ICEMR. personal communication.,"Mharakurwa, Searle, for the Southern Africa International Centers of Excellence for Malaria Research, Katowa, Kobayashi, Siame, Carpi, Norris, Stevenson, Thuma and Moss (2017).  <b>Distinct parasite populations infect individuals identified through passive and active case detection in a region of declining malaria transmission in southern Zambia.</b> <i>Malaria Journal</i>, <b>16</b>(1)","Ippolito, Searle, Hamapumbu, Shields, Stevenson, Thuma, Moss and for the Southern Africa International Center of Excellence for Malaria Research (2017).  <b>House Structure Is Associated with <i>Plasmodium falciparum</i> Infection in a Low-Transmission Setting in Southern Zambia.</b> <i>The American Journal of Tropical Medicine and Hygiene</i>, <b>97</b>(5):1561-1567"
30540,,2138274,NCH_D1,-9.3092,28.7221,UNKNOWN,Zambia,ZMB,Africa,3,2017,3,2017,0.9,75,25,2,0.08,P. falciparum,RDT,,,true,true,, ICEMR. personal communication.,"Mharakurwa, Searle, for the Southern Africa International Centers of Excellence for Malaria Research, Katowa, Kobayashi, Siame, Carpi, Norris, Stevenson, Thuma and Moss (2017).  <b>Distinct parasite populations infect individuals identified through passive and active case detection in a region of declining malaria transmission in southern Zambia.</b> <i>Malaria Journal</i>, <b>16</b>(1)","Ippolito, Searle, Hamapumbu, Shields, Stevenson, Thuma, Moss and for the Southern Africa International Center of Excellence for Malaria Research (2017).  <b>House Structure Is Associated with <i>Plasmodium falciparum</i> Infection in a Low-Transmission Setting in Southern Zambia.</b> <i>The American Journal of Tropical Medicine and Hygiene</i>, <b>97</b>(5):1561-1567"
30541,,2138624,NCH_D2,-9.309,28.7676,UNKNOWN,Zambia,ZMB,Africa,3,2017,3,2017,1,51,11,4,0.3636,P. falciparum,RDT,,,true,true,, ICEMR. personal communication.,"Mharakurwa, Searle, for the Southern Africa International Centers of Excellence for Malaria Research, Katowa, Kobayashi, Siame, Carpi, Norris, Stevenson, Thuma and Moss (2017).  <b>Distinct parasite populations infect individuals identified through passive and active case detection in a region of declining malaria transmission in southern Zambia.</b> <i>Malaria Journal</i>, <b>16</b>(1)","Ippolito, Searle, Hamapumbu, Shields, Stevenson, Thuma, Moss and for the Southern Africa International Center of Excellence for Malaria Research (2017).  <b>House Structure Is Associated with <i>Plasmodium falciparum</i> Infection in a Low-Transmission Setting in Southern Zambia.</b> <i>The American Journal of Tropical Medicine and Hygiene</i>, <b>97</b>(5):1561-1567"
30542,,2138974,NCH_E2,-9.2638,28.7674,UNKNOWN,Zambia,ZMB,Africa,3,2017,3,2017,1,59,7,3,0.4286,P. falciparum,RDT,,,true,true,, ICEMR. personal communication.,"Mharakurwa, Searle, for the Southern Africa International Centers of Excellence for Malaria Research, Katowa, Kobayashi, Siame, Carpi, Norris, Stevenson, Thuma and Moss (2017).  <b>Distinct parasite populations infect individuals identified through passive and active case detection in a region of declining malaria transmission in southern Zambia.</b> <i>Malaria Journal</i>, <b>16</b>(1)","Ippolito, Searle, Hamapumbu, Shields, Stevenson, Thuma, Moss and for the Southern Africa International Center of Excellence for Malaria Research (2017).  <b>House Structure Is Associated with <i>Plasmodium falciparum</i> Infection in a Low-Transmission Setting in Southern Zambia.</b> <i>The American Journal of Tropical Medicine and Hygiene</i>, <b>97</b>(5):1561-1567"
30543,,2139324,NCH_C3,-9.354,28.8134,UNKNOWN,Zambia,ZMB,Africa,5,2017,5,2017,1,42,12,7,0.5833,P. falciparum,RDT,,,true,true,, ICEMR. personal communication.,"Mharakurwa, Searle, for the Southern Africa International Centers of Excellence for Malaria Research, Katowa, Kobayashi, Siame, Carpi, Norris, Stevenson, Thuma and Moss (2017).  <b>Distinct parasite populations infect individuals identified through passive and active case detection in a region of declining malaria transmission in southern Zambia.</b> <i>Malaria Journal</i>, <b>16</b>(1)","Ippolito, Searle, Hamapumbu, Shields, Stevenson, Thuma, Moss and for the Southern Africa International Center of Excellence for Malaria Research (2017).  <b>House Structure Is Associated with <i>Plasmodium falciparum</i> Infection in a Low-Transmission Setting in Southern Zambia.</b> <i>The American Journal of Tropical Medicine and Hygiene</i>, <b>97</b>(5):1561-1567"
30544,,2139674,NCH_D1,-9.3092,28.7221,UNKNOWN,Zambia,ZMB,Africa,5,2017,5,2017,1,61,20,9,0.45,P. falciparum,RDT,,,true,true,, ICEMR. personal communication.,"Mharakurwa, Searle, for the Southern Africa International Centers of Excellence for Malaria Research, Katowa, Kobayashi, Siame, Carpi, Norris, Stevenson, Thuma and Moss (2017).  <b>Distinct parasite populations infect individuals identified through passive and active case detection in a region of declining malaria transmission in southern Zambia.</b> <i>Malaria Journal</i>, <b>16</b>(1)","Ippolito, Searle, Hamapumbu, Shields, Stevenson, Thuma, Moss and for the Southern Africa International Center of Excellence for Malaria Research (2017).  <b>House Structure Is Associated with <i>Plasmodium falciparum</i> Infection in a Low-Transmission Setting in Southern Zambia.</b> <i>The American Journal of Tropical Medicine and Hygiene</i>, <b>97</b>(5):1561-1567"
30545,,2140024,NCH_D2,-9.309,28.7676,UNKNOWN,Zambia,ZMB,Africa,5,2017,5,2017,1,56,33,18,0.5455,P. falciparum,RDT,,,true,true,, ICEMR. personal communication.,"Mharakurwa, Searle, for the Southern Africa International Centers of Excellence for Malaria Research, Katowa, Kobayashi, Siame, Carpi, Norris, Stevenson, Thuma and Moss (2017).  <b>Distinct parasite populations infect individuals identified through passive and active case detection in a region of declining malaria transmission in southern Zambia.</b> <i>Malaria Journal</i>, <b>16</b>(1)","Ippolito, Searle, Hamapumbu, Shields, Stevenson, Thuma, Moss and for the Southern Africa International Center of Excellence for Malaria Research (2017).  <b>House Structure Is Associated with <i>Plasmodium falciparum</i> Infection in a Low-Transmission Setting in Southern Zambia.</b> <i>The American Journal of Tropical Medicine and Hygiene</i>, <b>97</b>(5):1561-1567"
30546,,2140374,NCH_E2,-9.2638,28.7674,UNKNOWN,Zambia,ZMB,Africa,5,2017,5,2017,12,61,6,2,0.3333,P. falciparum,RDT,,,true,true,, ICEMR. personal communication.,"Mharakurwa, Searle, for the Southern Africa International Centers of Excellence for Malaria Research, Katowa, Kobayashi, Siame, Carpi, Norris, Stevenson, Thuma and Moss (2017).  <b>Distinct parasite populations infect individuals identified through passive and active case detection in a region of declining malaria transmission in southern Zambia.</b> <i>Malaria Journal</i>, <b>16</b>(1)","Ippolito, Searle, Hamapumbu, Shields, Stevenson, Thuma, Moss and for the Southern Africa International Center of Excellence for Malaria Research (2017).  <b>House Structure Is Associated with <i>Plasmodium falciparum</i> Infection in a Low-Transmission Setting in Southern Zambia.</b> <i>The American Journal of Tropical Medicine and Hygiene</i>, <b>97</b>(5):1561-1567"
30547,,2140724,NCH_E23,-9.2636,28.8129,UNKNOWN,Zambia,ZMB,Africa,5,2017,5,2017,1,38,9,4,0.4444,P. falciparum,RDT,,,true,true,, ICEMR. personal communication.,"Mharakurwa, Searle, for the Southern Africa International Centers of Excellence for Malaria Research, Katowa, Kobayashi, Siame, Carpi, Norris, Stevenson, Thuma and Moss (2017).  <b>Distinct parasite populations infect individuals identified through passive and active case detection in a region of declining malaria transmission in southern Zambia.</b> <i>Malaria Journal</i>, <b>16</b>(1)","Ippolito, Searle, Hamapumbu, Shields, Stevenson, Thuma, Moss and for the Southern Africa International Center of Excellence for Malaria Research (2017).  <b>House Structure Is Associated with <i>Plasmodium falciparum</i> Infection in a Low-Transmission Setting in Southern Zambia.</b> <i>The American Journal of Tropical Medicine and Hygiene</i>, <b>97</b>(5):1561-1567"
30548,,2141074,NCH_B3,-9.3992,28.8136,UNKNOWN,Zambia,ZMB,Africa,7,2017,7,2017,1,38,6,3,0.5,P. falciparum,RDT,,,true,true,, ICEMR. personal communication.,"Mharakurwa, Searle, for the Southern Africa International Centers of Excellence for Malaria Research, Katowa, Kobayashi, Siame, Carpi, Norris, Stevenson, Thuma and Moss (2017).  <b>Distinct parasite populations infect individuals identified through passive and active case detection in a region of declining malaria transmission in southern Zambia.</b> <i>Malaria Journal</i>, <b>16</b>(1)","Ippolito, Searle, Hamapumbu, Shields, Stevenson, Thuma, Moss and for the Southern Africa International Center of Excellence for Malaria Research (2017).  <b>House Structure Is Associated with <i>Plasmodium falciparum</i> Infection in a Low-Transmission Setting in Southern Zambia.</b> <i>The American Journal of Tropical Medicine and Hygiene</i>, <b>97</b>(5):1561-1567"
30549,,2141424,NCH_C3,-9.354,28.8134,UNKNOWN,Zambia,ZMB,Africa,7,2017,7,2017,0.6,64,23,9,0.3913,P. falciparum,RDT,,,true,true,, ICEMR. personal communication.,"Mharakurwa, Searle, for the Southern Africa International Centers of Excellence for Malaria Research, Katowa, Kobayashi, Siame, Carpi, Norris, Stevenson, Thuma and Moss (2017).  <b>Distinct parasite populations infect individuals identified through passive and active case detection in a region of declining malaria transmission in southern Zambia.</b> <i>Malaria Journal</i>, <b>16</b>(1)","Ippolito, Searle, Hamapumbu, Shields, Stevenson, Thuma, Moss and for the Southern Africa International Center of Excellence for Malaria Research (2017).  <b>House Structure Is Associated with <i>Plasmodium falciparum</i> Infection in a Low-Transmission Setting in Southern Zambia.</b> <i>The American Journal of Tropical Medicine and Hygiene</i>, <b>97</b>(5):1561-1567"
30550,,2141774,NCH_D1,-9.3092,28.7221,UNKNOWN,Zambia,ZMB,Africa,7,2017,7,2017,2,54,15,3,0.2,P. falciparum,RDT,,,true,true,, ICEMR. personal communication.,"Mharakurwa, Searle, for the Southern Africa International Centers of Excellence for Malaria Research, Katowa, Kobayashi, Siame, Carpi, Norris, Stevenson, Thuma and Moss (2017).  <b>Distinct parasite populations infect individuals identified through passive and active case detection in a region of declining malaria transmission in southern Zambia.</b> <i>Malaria Journal</i>, <b>16</b>(1)","Ippolito, Searle, Hamapumbu, Shields, Stevenson, Thuma, Moss and for the Southern Africa International Center of Excellence for Malaria Research (2017).  <b>House Structure Is Associated with <i>Plasmodium falciparum</i> Infection in a Low-Transmission Setting in Southern Zambia.</b> <i>The American Journal of Tropical Medicine and Hygiene</i>, <b>97</b>(5):1561-1567"
30551,,2142124,NCH_D2,-9.309,28.7676,UNKNOWN,Zambia,ZMB,Africa,7,2017,7,2017,0.8,53,36,20,0.5556,P. falciparum,RDT,,,true,true,, ICEMR. personal communication.,"Mharakurwa, Searle, for the Southern Africa International Centers of Excellence for Malaria Research, Katowa, Kobayashi, Siame, Carpi, Norris, Stevenson, Thuma and Moss (2017).  <b>Distinct parasite populations infect individuals identified through passive and active case detection in a region of declining malaria transmission in southern Zambia.</b> <i>Malaria Journal</i>, <b>16</b>(1)","Ippolito, Searle, Hamapumbu, Shields, Stevenson, Thuma, Moss and for the Southern Africa International Center of Excellence for Malaria Research (2017).  <b>House Structure Is Associated with <i>Plasmodium falciparum</i> Infection in a Low-Transmission Setting in Southern Zambia.</b> <i>The American Journal of Tropical Medicine and Hygiene</i>, <b>97</b>(5):1561-1567"
30552,,2142474,NCH_D3,-9.3088,28.8131,UNKNOWN,Zambia,ZMB,Africa,7,2017,7,2017,2,30,3,1,0.3333,P. falciparum,RDT,,,true,true,, ICEMR. personal communication.,"Mharakurwa, Searle, for the Southern Africa International Centers of Excellence for Malaria Research, Katowa, Kobayashi, Siame, Carpi, Norris, Stevenson, Thuma and Moss (2017).  <b>Distinct parasite populations infect individuals identified through passive and active case detection in a region of declining malaria transmission in southern Zambia.</b> <i>Malaria Journal</i>, <b>16</b>(1)","Ippolito, Searle, Hamapumbu, Shields, Stevenson, Thuma, Moss and for the Southern Africa International Center of Excellence for Malaria Research (2017).  <b>House Structure Is Associated with <i>Plasmodium falciparum</i> Infection in a Low-Transmission Setting in Southern Zambia.</b> <i>The American Journal of Tropical Medicine and Hygiene</i>, <b>97</b>(5):1561-1567"
30553,,2142824,NCH_E2,-9.2638,28.7674,UNKNOWN,Zambia,ZMB,Africa,7,2017,7,2017,2,54,7,3,0.4286,P. falciparum,RDT,,,true,true,, ICEMR. personal communication.,"Mharakurwa, Searle, for the Southern Africa International Centers of Excellence for Malaria Research, Katowa, Kobayashi, Siame, Carpi, Norris, Stevenson, Thuma and Moss (2017).  <b>Distinct parasite populations infect individuals identified through passive and active case detection in a region of declining malaria transmission in southern Zambia.</b> <i>Malaria Journal</i>, <b>16</b>(1)","Ippolito, Searle, Hamapumbu, Shields, Stevenson, Thuma, Moss and for the Southern Africa International Center of Excellence for Malaria Research (2017).  <b>House Structure Is Associated with <i>Plasmodium falciparum</i> Infection in a Low-Transmission Setting in Southern Zambia.</b> <i>The American Journal of Tropical Medicine and Hygiene</i>, <b>97</b>(5):1561-1567"
30554,,2143174,NCH_E23,-9.2636,28.8129,UNKNOWN,Zambia,ZMB,Africa,7,2017,7,2017,3,53,12,5,0.4167,P. falciparum,RDT,,,true,true,, ICEMR. personal communication.,"Mharakurwa, Searle, for the Southern Africa International Centers of Excellence for Malaria Research, Katowa, Kobayashi, Siame, Carpi, Norris, Stevenson, Thuma and Moss (2017).  <b>Distinct parasite populations infect individuals identified through passive and active case detection in a region of declining malaria transmission in southern Zambia.</b> <i>Malaria Journal</i>, <b>16</b>(1)","Ippolito, Searle, Hamapumbu, Shields, Stevenson, Thuma, Moss and for the Southern Africa International Center of Excellence for Malaria Research (2017).  <b>House Structure Is Associated with <i>Plasmodium falciparum</i> Infection in a Low-Transmission Setting in Southern Zambia.</b> <i>The American Journal of Tropical Medicine and Hygiene</i>, <b>97</b>(5):1561-1567"
30555,,2143524,NCH_B3,-9.3992,28.8136,UNKNOWN,Zambia,ZMB,Africa,9,2017,9,2017,0.8,34,5,2,0.4,P. falciparum,RDT,,,true,true,, ICEMR. personal communication.,"Mharakurwa, Searle, for the Southern Africa International Centers of Excellence for Malaria Research, Katowa, Kobayashi, Siame, Carpi, Norris, Stevenson, Thuma and Moss (2017).  <b>Distinct parasite populations infect individuals identified through passive and active case detection in a region of declining malaria transmission in southern Zambia.</b> <i>Malaria Journal</i>, <b>16</b>(1)","Ippolito, Searle, Hamapumbu, Shields, Stevenson, Thuma, Moss and for the Southern Africa International Center of Excellence for Malaria Research (2017).  <b>House Structure Is Associated with <i>Plasmodium falciparum</i> Infection in a Low-Transmission Setting in Southern Zambia.</b> <i>The American Journal of Tropical Medicine and Hygiene</i>, <b>97</b>(5):1561-1567"
30556,,2143874,NCH_C3,-9.354,28.8134,UNKNOWN,Zambia,ZMB,Africa,9,2017,9,2017,1,45,11,8,0.7273,P. falciparum,RDT,,,true,true,, ICEMR. personal communication.,"Mharakurwa, Searle, for the Southern Africa International Centers of Excellence for Malaria Research, Katowa, Kobayashi, Siame, Carpi, Norris, Stevenson, Thuma and Moss (2017).  <b>Distinct parasite populations infect individuals identified through passive and active case detection in a region of declining malaria transmission in southern Zambia.</b> <i>Malaria Journal</i>, <b>16</b>(1)","Ippolito, Searle, Hamapumbu, Shields, Stevenson, Thuma, Moss and for the Southern Africa International Center of Excellence for Malaria Research (2017).  <b>House Structure Is Associated with <i>Plasmodium falciparum</i> Infection in a Low-Transmission Setting in Southern Zambia.</b> <i>The American Journal of Tropical Medicine and Hygiene</i>, <b>97</b>(5):1561-1567"
30557,,2144224,NCH_D1,-9.3092,28.7221,UNKNOWN,Zambia,ZMB,Africa,9,2017,9,2017,1,81,13,1,0.0769,P. falciparum,RDT,,,true,true,, ICEMR. personal communication.,"Mharakurwa, Searle, for the Southern Africa International Centers of Excellence for Malaria Research, Katowa, Kobayashi, Siame, Carpi, Norris, Stevenson, Thuma and Moss (2017).  <b>Distinct parasite populations infect individuals identified through passive and active case detection in a region of declining malaria transmission in southern Zambia.</b> <i>Malaria Journal</i>, <b>16</b>(1)","Ippolito, Searle, Hamapumbu, Shields, Stevenson, Thuma, Moss and for the Southern Africa International Center of Excellence for Malaria Research (2017).  <b>House Structure Is Associated with <i>Plasmodium falciparum</i> Infection in a Low-Transmission Setting in Southern Zambia.</b> <i>The American Journal of Tropical Medicine and Hygiene</i>, <b>97</b>(5):1561-1567"
30558,,2144574,NCH_D2,-9.309,28.7676,UNKNOWN,Zambia,ZMB,Africa,9,2017,9,2017,0.8,79,30,8,0.2667,P. falciparum,RDT,,,true,true,, ICEMR. personal communication.,"Mharakurwa, Searle, for the Southern Africa International Centers of Excellence for Malaria Research, Katowa, Kobayashi, Siame, Carpi, Norris, Stevenson, Thuma and Moss (2017).  <b>Distinct parasite populations infect individuals identified through passive and active case detection in a region of declining malaria transmission in southern Zambia.</b> <i>Malaria Journal</i>, <b>16</b>(1)","Ippolito, Searle, Hamapumbu, Shields, Stevenson, Thuma, Moss and for the Southern Africa International Center of Excellence for Malaria Research (2017).  <b>House Structure Is Associated with <i>Plasmodium falciparum</i> Infection in a Low-Transmission Setting in Southern Zambia.</b> <i>The American Journal of Tropical Medicine and Hygiene</i>, <b>97</b>(5):1561-1567"
30559,,2144924,NCH_D3,-9.3088,28.8131,UNKNOWN,Zambia,ZMB,Africa,9,2017,9,2017,1,60,16,7,0.4375,P. falciparum,RDT,,,true,true,, ICEMR. personal communication.,"Mharakurwa, Searle, for the Southern Africa International Centers of Excellence for Malaria Research, Katowa, Kobayashi, Siame, Carpi, Norris, Stevenson, Thuma and Moss (2017).  <b>Distinct parasite populations infect individuals identified through passive and active case detection in a region of declining malaria transmission in southern Zambia.</b> <i>Malaria Journal</i>, <b>16</b>(1)","Ippolito, Searle, Hamapumbu, Shields, Stevenson, Thuma, Moss and for the Southern Africa International Center of Excellence for Malaria Research (2017).  <b>House Structure Is Associated with <i>Plasmodium falciparum</i> Infection in a Low-Transmission Setting in Southern Zambia.</b> <i>The American Journal of Tropical Medicine and Hygiene</i>, <b>97</b>(5):1561-1567"
30560,,2145274,NCH_E2,-9.2638,28.7674,UNKNOWN,Zambia,ZMB,Africa,9,2017,9,2017,2,39,14,2,0.1429,P. falciparum,RDT,,,true,true,, ICEMR. personal communication.,"Mharakurwa, Searle, for the Southern Africa International Centers of Excellence for Malaria Research, Katowa, Kobayashi, Siame, Carpi, Norris, Stevenson, Thuma and Moss (2017).  <b>Distinct parasite populations infect individuals identified through passive and active case detection in a region of declining malaria transmission in southern Zambia.</b> <i>Malaria Journal</i>, <b>16</b>(1)","Ippolito, Searle, Hamapumbu, Shields, Stevenson, Thuma, Moss and for the Southern Africa International Center of Excellence for Malaria Research (2017).  <b>House Structure Is Associated with <i>Plasmodium falciparum</i> Infection in a Low-Transmission Setting in Southern Zambia.</b> <i>The American Journal of Tropical Medicine and Hygiene</i>, <b>97</b>(5):1561-1567"
30561,,2145624,NCH_E23,-9.2636,28.8129,UNKNOWN,Zambia,ZMB,Africa,9,2017,9,2017,1,48,7,3,0.4286,P. falciparum,RDT,,,true,true,, ICEMR. personal communication.,"Mharakurwa, Searle, for the Southern Africa International Centers of Excellence for Malaria Research, Katowa, Kobayashi, Siame, Carpi, Norris, Stevenson, Thuma and Moss (2017).  <b>Distinct parasite populations infect individuals identified through passive and active case detection in a region of declining malaria transmission in southern Zambia.</b> <i>Malaria Journal</i>, <b>16</b>(1)","Ippolito, Searle, Hamapumbu, Shields, Stevenson, Thuma, Moss and for the Southern Africa International Center of Excellence for Malaria Research (2017).  <b>House Structure Is Associated with <i>Plasmodium falciparum</i> Infection in a Low-Transmission Setting in Southern Zambia.</b> <i>The American Journal of Tropical Medicine and Hygiene</i>, <b>97</b>(5):1561-1567"
30562,,2145974,NCH_B3,-9.3992,28.8136,UNKNOWN,Zambia,ZMB,Africa,11,2017,11,2017,1,59,8,6,0.75,P. falciparum,RDT,,,true,true,, ICEMR. personal communication.,"Mharakurwa, Searle, for the Southern Africa International Centers of Excellence for Malaria Research, Katowa, Kobayashi, Siame, Carpi, Norris, Stevenson, Thuma and Moss (2017).  <b>Distinct parasite populations infect individuals identified through passive and active case detection in a region of declining malaria transmission in southern Zambia.</b> <i>Malaria Journal</i>, <b>16</b>(1)","Ippolito, Searle, Hamapumbu, Shields, Stevenson, Thuma, Moss and for the Southern Africa International Center of Excellence for Malaria Research (2017).  <b>House Structure Is Associated with <i>Plasmodium falciparum</i> Infection in a Low-Transmission Setting in Southern Zambia.</b> <i>The American Journal of Tropical Medicine and Hygiene</i>, <b>97</b>(5):1561-1567"
30563,,2146324,NCH_C2,-9.3542,28.7678,UNKNOWN,Zambia,ZMB,Africa,11,2017,11,2017,2,40,4,1,0.25,P. falciparum,RDT,,,true,true,, ICEMR. personal communication.,"Mharakurwa, Searle, for the Southern Africa International Centers of Excellence for Malaria Research, Katowa, Kobayashi, Siame, Carpi, Norris, Stevenson, Thuma and Moss (2017).  <b>Distinct parasite populations infect individuals identified through passive and active case detection in a region of declining malaria transmission in southern Zambia.</b> <i>Malaria Journal</i>, <b>16</b>(1)","Ippolito, Searle, Hamapumbu, Shields, Stevenson, Thuma, Moss and for the Southern Africa International Center of Excellence for Malaria Research (2017).  <b>House Structure Is Associated with <i>Plasmodium falciparum</i> Infection in a Low-Transmission Setting in Southern Zambia.</b> <i>The American Journal of Tropical Medicine and Hygiene</i>, <b>97</b>(5):1561-1567"
30564,,2146674,NCH_C3,-9.354,28.8134,UNKNOWN,Zambia,ZMB,Africa,11,2017,11,2017,1,43,15,14,0.9333,P. falciparum,RDT,,,true,true,, ICEMR. personal communication.,"Mharakurwa, Searle, for the Southern Africa International Centers of Excellence for Malaria Research, Katowa, Kobayashi, Siame, Carpi, Norris, Stevenson, Thuma and Moss (2017).  <b>Distinct parasite populations infect individuals identified through passive and active case detection in a region of declining malaria transmission in southern Zambia.</b> <i>Malaria Journal</i>, <b>16</b>(1)","Ippolito, Searle, Hamapumbu, Shields, Stevenson, Thuma, Moss and for the Southern Africa International Center of Excellence for Malaria Research (2017).  <b>House Structure Is Associated with <i>Plasmodium falciparum</i> Infection in a Low-Transmission Setting in Southern Zambia.</b> <i>The American Journal of Tropical Medicine and Hygiene</i>, <b>97</b>(5):1561-1567"
30565,,2147024,NCH_D1,-9.3092,28.7221,UNKNOWN,Zambia,ZMB,Africa,11,2017,11,2017,1,43,9,0,0,P. falciparum,RDT,,,true,true,, ICEMR. personal communication.,"Mharakurwa, Searle, for the Southern Africa International Centers of Excellence for Malaria Research, Katowa, Kobayashi, Siame, Carpi, Norris, Stevenson, Thuma and Moss (2017).  <b>Distinct parasite populations infect individuals identified through passive and active case detection in a region of declining malaria transmission in southern Zambia.</b> <i>Malaria Journal</i>, <b>16</b>(1)","Ippolito, Searle, Hamapumbu, Shields, Stevenson, Thuma, Moss and for the Southern Africa International Center of Excellence for Malaria Research (2017).  <b>House Structure Is Associated with <i>Plasmodium falciparum</i> Infection in a Low-Transmission Setting in Southern Zambia.</b> <i>The American Journal of Tropical Medicine and Hygiene</i>, <b>97</b>(5):1561-1567"
30566,,2147374,NCH_D2,-9.309,28.7676,UNKNOWN,Zambia,ZMB,Africa,11,2017,11,2017,1,82,19,7,0.3684,P. falciparum,RDT,,,true,true,, ICEMR. personal communication.,"Mharakurwa, Searle, for the Southern Africa International Centers of Excellence for Malaria Research, Katowa, Kobayashi, Siame, Carpi, Norris, Stevenson, Thuma and Moss (2017).  <b>Distinct parasite populations infect individuals identified through passive and active case detection in a region of declining malaria transmission in southern Zambia.</b> <i>Malaria Journal</i>, <b>16</b>(1)","Ippolito, Searle, Hamapumbu, Shields, Stevenson, Thuma, Moss and for the Southern Africa International Center of Excellence for Malaria Research (2017).  <b>House Structure Is Associated with <i>Plasmodium falciparum</i> Infection in a Low-Transmission Setting in Southern Zambia.</b> <i>The American Journal of Tropical Medicine and Hygiene</i>, <b>97</b>(5):1561-1567"
30567,,2147724,NCH_E2,-9.2638,28.7674,UNKNOWN,Zambia,ZMB,Africa,11,2017,11,2017,1,39,3,0,0,P. falciparum,RDT,,,true,true,, ICEMR. personal communication.,"Mharakurwa, Searle, for the Southern Africa International Centers of Excellence for Malaria Research, Katowa, Kobayashi, Siame, Carpi, Norris, Stevenson, Thuma and Moss (2017).  <b>Distinct parasite populations infect individuals identified through passive and active case detection in a region of declining malaria transmission in southern Zambia.</b> <i>Malaria Journal</i>, <b>16</b>(1)","Ippolito, Searle, Hamapumbu, Shields, Stevenson, Thuma, Moss and for the Southern Africa International Center of Excellence for Malaria Research (2017).  <b>House Structure Is Associated with <i>Plasmodium falciparum</i> Infection in a Low-Transmission Setting in Southern Zambia.</b> <i>The American Journal of Tropical Medicine and Hygiene</i>, <b>97</b>(5):1561-1567"
30568,,2148074,NCH_E23,-9.2636,28.8129,UNKNOWN,Zambia,ZMB,Africa,11,2017,11,2017,1,68,17,7,0.4118,P. falciparum,RDT,,,true,true,, ICEMR. personal communication.,"Mharakurwa, Searle, for the Southern Africa International Centers of Excellence for Malaria Research, Katowa, Kobayashi, Siame, Carpi, Norris, Stevenson, Thuma and Moss (2017).  <b>Distinct parasite populations infect individuals identified through passive and active case detection in a region of declining malaria transmission in southern Zambia.</b> <i>Malaria Journal</i>, <b>16</b>(1)","Ippolito, Searle, Hamapumbu, Shields, Stevenson, Thuma, Moss and for the Southern Africa International Center of Excellence for Malaria Research (2017).  <b>House Structure Is Associated with <i>Plasmodium falciparum</i> Infection in a Low-Transmission Setting in Southern Zambia.</b> <i>The American Journal of Tropical Medicine and Hygiene</i>, <b>97</b>(5):1561-1567"
30362,,1607074,Kwamtunga,-6.9524,37.0777,UNKNOWN,Tanzania,TZA,Africa,5,2015,5,2015,1,99,391,43,0.0513,P. falciparum,RDT,SD BIOLINE Malaria Ag Pf/Pan 05FK66/05K60/05FK63,,true,true,,"Mazigo, Chiduo, Rumisha, Mboera and Bwana (2017).  <b>Malaria among rice farming communities in Kilangali village, Kilosa district, Central Tanzania: prevalence, intensity and associated factors.</b> <i>Infectious Diseases of Poverty</i>, <b>6</b>(1)", personal communication.,
30366,,1629474,Makuruwili,-6.9705,37.1142,UNKNOWN,Tanzania,TZA,Africa,5,2015,5,2015,1,99,263,54,0.2364,P. falciparum,RDT,SD BIOLINE Malaria Ag Pf/Pan 05FK66/05K60/05FK63,,true,true,,"Mazigo, Chiduo, Rumisha, Mboera and Bwana (2017).  <b>Malaria among rice farming communities in Kilangali village, Kilosa district, Central Tanzania: prevalence, intensity and associated factors.</b> <i>Infectious Diseases of Poverty</i>, <b>6</b>(1)", personal communication.,
30372,,1663074,Chamwino,-6.9666,37.0708,UNKNOWN,Tanzania,TZA,Africa,5,2015,5,2015,1,99,258,38,0.0667,P. falciparum,Microscopy,,,true,true,,"Mazigo, Chiduo, Rumisha, Mboera and Bwana (2017).  <b>Malaria among rice farming communities in Kilangali village, Kilosa district, Central Tanzania: prevalence, intensity and associated factors.</b> <i>Infectious Diseases of Poverty</i>, <b>6</b>(1)", personal communication.,
30397,,1803974,Kisiwani,-6.934,37.1085,UNKNOWN,Tanzania,TZA,Africa,5,2015,5,2015,1,99,245,35,0.2373,P. falciparum,RDT,SD BIOLINE Malaria Ag Pf/Pan 05FK66/05K60/05FK63,,true,true,,"Mazigo, Chiduo, Rumisha, Mboera and Bwana (2017).  <b>Malaria among rice farming communities in Kilangali village, Kilosa district, Central Tanzania: prevalence, intensity and associated factors.</b> <i>Infectious Diseases of Poverty</i>, <b>6</b>(1)", personal communication.,
30405,,1807174,Mlegeni,-6.934,37.1085,UNKNOWN,Tanzania,TZA,Africa,5,2015,5,2015,1,99,218,45,0.3171,P. falciparum,RDT,SD BIOLINE Malaria Ag Pf/Pan 05FK66/05K60/05FK63,,true,true,,"Mazigo, Chiduo, Rumisha, Mboera and Bwana (2017).  <b>Malaria among rice farming communities in Kilangali village, Kilosa district, Central Tanzania: prevalence, intensity and associated factors.</b> <i>Infectious Diseases of Poverty</i>, <b>6</b>(1)", personal communication.,
30411,,1809874,Upogoroni,-6.9507,37.0806,UNKNOWN,Tanzania,TZA,Africa,5,2015,5,2015,1,99,126,18,0.2727,P. falciparum,RDT,SD BIOLINE Malaria Ag Pf/Pan 05FK66/05K60/05FK63,,true,true,,"Mazigo, Chiduo, Rumisha, Mboera and Bwana (2017).  <b>Malaria among rice farming communities in Kilangali village, Kilosa district, Central Tanzania: prevalence, intensity and associated factors.</b> <i>Infectious Diseases of Poverty</i>, <b>6</b>(1)", personal communication.,
30444,,1823374,Pogoroni,-6.9507,37.0806,UNKNOWN,Tanzania,TZA,Africa,5,2015,5,2015,1,99,126,20,0.1212,P. falciparum,Microscopy,,,true,true,,"Mazigo, Chiduo, Rumisha, Mboera and Bwana (2017).  <b>Malaria among rice farming communities in Kilangali village, Kilosa district, Central Tanzania: prevalence, intensity and associated factors.</b> <i>Infectious Diseases of Poverty</i>, <b>6</b>(1)", personal communication.,
